<?xml version="1.0" encoding="UTF-8"?>
<jcr:root xmlns:cq="http://www.day.com/jcr/cq/1.0" xmlns:jcr="http://www.jcp.org/jcr/1.0" xmlns:nt="http://www.jcp.org/jcr/nt/1.0"
    cq:dialogMode="floating"
    jcr:primaryType="cq:EditConfig">
    <cq:listeners
        jcr:primaryType="cq:EditListenersConfig"
        afteredit="REFRESH_PAGE"/>
    <cq:inplaceEditing
        jcr:primaryType="cq:InplaceEditingConfig"
        active="{Boolean}true"
        editorType="text">
        <config jcr:primaryType="nt:unstructured">
            <rtePlugins jcr:primaryType="nt:unstructured">
                <tracklinks
                    jcr:primaryType="nt:unstructured"
                    features="*"/>
                <table
                    jcr:primaryType="nt:unstructured"
                    features="-">
                    <hiddenHeaderConfig
                        jcr:primaryType="nt:unstructured"
                        hiddenHeaderClassName="cq-wcm-foundation-aria-visuallyhidden"/>
                </table>
                <paraformat jcr:primaryType="nt:unstructured">
                    <formats jcr:primaryType="nt:unstructured">
                        <default_p
                            jcr:primaryType="nt:unstructured"
                            description="Paragraph"
                            tag="p"/>
                        <default_h1
                            jcr:primaryType="nt:unstructured"
                            description="Heading 1"
                            tag="h1"/>
                        <default_h2
                            jcr:primaryType="nt:unstructured"
                            description="Heading 2"
                            tag="h2"/>
                        <default_h3
                            jcr:primaryType="nt:unstructured"
                            description="Heading 3"
                            tag="h3"/>
                    </formats>
                </paraformat>
                <misctools jcr:primaryType="nt:unstructured">
                    <specialCharsConfig jcr:primaryType="nt:unstructured">
                        <chars jcr:primaryType="nt:unstructured">
                            <default_copyright
                                jcr:primaryType="nt:unstructured"
                                entity="&amp;copy;"
                                name="copyright"/>
                            <default_registered
                                jcr:primaryType="nt:unstructured"
                                entity="&amp;reg;"
                                name="registered"/>
                            <default_trademark
                                jcr:primaryType="nt:unstructured"
                                entity="&amp;trade;"
                                name="trademark"/>
                        </chars>
                    </specialCharsConfig>
                </misctools>
            </rtePlugins>
        </config>
    </cq:inplaceEditing>
</jcr:root>
