<?xml version="1.0" encoding="UTF-8"?>
<jcr:root xmlns:sling="http://sling.apache.org/jcr/sling/1.0" xmlns:granite="http://www.adobe.com/jcr/granite/1.0" xmlns:cq="http://www.day.com/jcr/cq/1.0" xmlns:jcr="http://www.jcp.org/jcr/1.0" xmlns:nt="http://www.jcp.org/jcr/nt/1.0"
    jcr:primaryType="nt:unstructured"
    jcr:title="Multiple Images Addressing "
    sling:resourceType="cq/gui/components/authoring/dialog">
    <content
        jcr:primaryType="nt:unstructured"
        sling:resourceType="granite/ui/components/coral/foundation/container">
        <items jcr:primaryType="nt:unstructured">
            <columns
                jcr:primaryType="nt:unstructured"
                sling:resourceType="granite/ui/components/coral/foundation/fixedcolumns">
                <items jcr:primaryType="nt:unstructured">
                    <imagetext
                        jcr:primaryType="nt:unstructured"
                        jcr:title="Image and Text"
                        sling:resourceType="granite/ui/components/coral/foundation/container">
                        <items jcr:primaryType="nt:unstructured">
                            <id
                                jcr:primaryType="nt:unstructured"
                                sling:resourceType="/libs/granite/ui/components/foundation/form/textfield"
                                fieldLabel="ID"
                                name="./id"/>
                            <heading
                                jcr:primaryType="nt:unstructured"
                                sling:resourceType="/libs/granite/ui/components/foundation/form/textfield"
                                fieldLabel="Heading"
                                name="./heading"/>
                            <subheading
                                jcr:primaryType="nt:unstructured"
                                sling:resourceType="/libs/granite/ui/components/foundation/form/textfield"
                                fieldLabel="SubHeading"
                                name="./subHeading"/>
                            <images
                                granite:class="aem-cmp_default_multifield"
                                jcr:primaryType="nt:unstructured"
                                sling:resourceType="granite/ui/components/coral/foundation/form/multifield"
                                composite="{Boolean}true"
                                fieldLabel="Images"
                                isMultiFieldNode="{Boolean}true">
                                <field
                                    jcr:primaryType="nt:unstructured"
                                    sling:resourceType="granite/ui/components/coral/foundation/container"
                                    name="./images">
                                    <items jcr:primaryType="nt:unstructured">
                                        <image
                                            jcr:primaryType="nt:unstructured"
                                            sling:resourceType="granite/ui/components/coral/foundation/form/pathbrowser"
                                            fieldLabel="Image"
                                            name="./image"
                                            rootPath="/content/dam"/>
                                        <alttext
                                            jcr:primaryType="nt:unstructured"
                                            sling:resourceType="/libs/granite/ui/components/foundation/form/textfield"
                                            fieldLabel="Alt Text"
                                            name="./imageAltText"/>
                                        <imagelink
                                            jcr:primaryType="nt:unstructured"
                                            sling:resourceType="granite/ui/components/coral/foundation/form/pathfield"
                                            fieldLabel="Image Link"
                                            name="./imageLink"/>
                                        <screenreader
                                            jcr:primaryType="nt:unstructured"
                                            sling:resourceType="/libs/granite/ui/components/foundation/form/textfield"
                                            fieldLabel="Screen Reader"
                                            name="./screenReader"/>
                                        <target
                                            jcr:primaryType="nt:unstructured"
                                            sling:resourceType="granite/ui/components/coral/foundation/form/select"
                                            fieldLabel="Image Target "
                                            name="./imgTarget">
                                            <items jcr:primaryType="nt:unstructured">
                                                <sametab
                                                    jcr:primaryType="nt:unstructured"
                                                    text="Same tab"
                                                    value="_self"/>
                                                <newtab
                                                    jcr:primaryType="nt:unstructured"
                                                    text="New Tab"
                                                    value="_blank"/>
                                            </items>
                                        </target>
                                    </items>
                                </field>
                            </images>
                        </items>
                    </imagetext>
                </items>
            </columns>
        </items>
    </content>
</jcr:root>
