<?xml version="1.0" encoding="UTF-8"?>
<jcr:root xmlns:sling="http://sling.apache.org/jcr/sling/1.0" xmlns:granite="http://www.adobe.com/jcr/granite/1.0" xmlns:cq="http://www.day.com/jcr/cq/1.0" xmlns:jcr="http://www.jcp.org/jcr/1.0" xmlns:nt="http://www.jcp.org/jcr/nt/1.0"
    jcr:description="Header Dialog 2"
    jcr:primaryType="nt:unstructured"
    jcr:title="Header [New hire]"
    sling:resourceType="cq/gui/components/authoring/dialog">
    <content
        jcr:primaryType="nt:unstructured"
        sling:resourceType="granite/ui/components/coral/foundation/container">
        <items jcr:primaryType="nt:unstructured">
            <fixedcolums
                jcr:primaryType="nt:unstructured"
                sling:resourceType="granite/ui/components/coral/foundation/fixedcolumns">
                <items jcr:primaryType="nt:unstructured">
                    <properties
                        jcr:primaryType="nt:unstructured"
                        sling:resourceType="granite/ui/components/coral/foundation/container">
                        <items jcr:primaryType="nt:unstructured">
                            <logo1
                                jcr:primaryType="nt:unstructured"
                                sling:resourceType="cq/gui/components/authoring/dialog/fileupload"
                                autoStart="{Boolean}false"
                                class="cq-droptarget"
                                fieldLabel="Primary Logo"
                                fileNameParameter="./fileName"
                                fileReferenceParameter="./logo1"
                                mimeTypes="[image/gif,image/jpeg,image/png,image/webp,image/tiff]"
                                multiple="{Boolean}false"
                                name="./file"
                                title="Upload Image Asset"
                                uploadUrl="${suffix.path}"
                                useHTML5="{Boolean}true"/>
                            <logo1alttext
                                granite:class="aem-cmp_default_textfield"
                                jcr:primaryType="nt:unstructured"
                                sling:resourceType="granite/ui/components/coral/foundation/form/textfield"
                                fieldLabel="Primary Logo Alt Text"
                                name="./logo1AltText"
                                required="false"/>
                            <logo2
                                jcr:primaryType="nt:unstructured"
                                sling:resourceType="cq/gui/components/authoring/dialog/fileupload"
                                autoStart="{Boolean}false"
                                class="cq-droptarget"
                                fieldLabel="Secondary Logo"
                                fileNameParameter="./fileName"
                                fileReferenceParameter="./logo2"
                                mimeTypes="[image/gif,image/jpeg,image/png,image/webp,image/tiff]"
                                multiple="{Boolean}false"
                                name="./file"
                                title="Upload Image Asset"
                                uploadUrl="${suffix.path}"
                                useHTML5="{Boolean}true"/>
                            <logo2alttext
                                granite:class="aem-cmp_default_textfield"
                                jcr:primaryType="nt:unstructured"
                                sling:resourceType="granite/ui/components/coral/foundation/form/textfield"
                                fieldLabel="Secondary Logo Alt Text"
                                name="./logo2AltText"
                                required="false"/>
                        </items>
                    </properties>
                </items>
            </fixedcolums>
        </items>
    </content>
</jcr:root>
